City_ID,City,Country,Date,Lat,Lng,Max Temp,Humidity,Cloudiness,Wind Speed
0,Skelleftea,SE,2021-11-23 19:42:32,64.7507,20.9528,35.01,69,75,1.01
1,New Norfolk,AU,2021-11-23 19:42:33,-42.7826,147.0587,60.66,74,100,2.1
2,Mar Del Plata,AR,2021-11-23 19:42:34,-38.0023,-57.5575,64.42,83,0,18.99
3,Iqaluit,CA,2021-11-23 19:38:55,63.7506,-68.5145,28.13,68,75,11.01
4,Lazaro Cardenas,MX,2021-11-23 19:42:34,17.9583,-102.2,83.1,69,11,8.59
5,Parkes,AU,2021-11-23 19:42:35,-33.1333,148.1833,65.35,88,100,1.99
6,Rikitea,PF,2021-11-23 19:32:47,-23.1203,-134.9692,76.66,82,23,15.3
7,Filingue,NE,2021-11-23 19:42:35,14.3521,3.3168,86.77,15,1,6.78
8,Hermanus,ZA,2021-11-23 19:33:56,-34.4187,19.2345,64.9,76,100,11.25
9,Hasaki,JP,2021-11-23 19:42:36,35.7333,140.8333,37.8,62,0,14.41
10,Chokurdakh,RU,2021-11-23 19:40:42,70.6333,147.9167,-25.17,99,97,6.08
11,Albany,US,2021-11-23 19:28:02,42.6001,-73.9662,36.45,52,18,5.01
12,Mataura,NZ,2021-11-23 19:42:37,-46.1927,168.8643,53.55,72,97,2.33
13,Bengkulu,ID,2021-11-23 19:34:55,-3.8004,102.2655,74.46,87,100,3.91
14,Kaka,TM,2021-11-23 19:42:38,37.3482,59.6143,51.94,44,46,0.09
15,Chuy,UY,2021-11-23 19:42:37,-33.6971,-53.4616,63.48,53,0,12.48
16,Porto Novo,BJ,2021-11-23 19:42:38,6.4965,2.6036,84.02,84,90,6.93
17,Punta Arenas,CL,2021-11-23 19:34:09,-53.15,-70.9167,53.71,50,20,36.82
18,Ushuaia,AR,2021-11-23 19:35:02,-54.8,-68.3,47.82,70,90,5.75
19,Puerto Ayora,EC,2021-11-23 19:32:49,-0.7393,-90.3518,78.76,73,30,11.12
20,Port Victoria,KE,2021-11-23 19:42:39,0.0939,33.9756,72.84,72,5,7.47
21,Cherskiy,RU,2021-11-23 19:42:40,68.75,161.3,-33.88,100,30,4.52
22,Peachtree City,US,2021-11-23 19:42:40,33.3968,-84.5958,57.47,23,1,1.01
23,Fairbanks,US,2021-11-23 19:39:00,64.8378,-147.7164,-0.44,57,40,5.75
24,Vrangel,RU,2021-11-23 19:42:41,42.7297,133.0839,24.75,58,93,23.2
25,Hobart,AU,2021-11-23 19:30:03,-42.8794,147.3294,60.03,89,0,5.75
26,Pevek,RU,2021-11-23 19:32:41,69.7008,170.3133,-20.79,98,17,2.98
27,Provideniya,RU,2021-11-23 19:36:56,64.3833,-173.3,9.09,67,1,8.12
28,Alyangula,AU,2021-11-23 19:42:42,-13.8483,136.4192,78.67,89,40,2.3
29,Willmar,US,2021-11-23 19:38:22,45.1219,-95.0433,57.15,30,1,10.36
30,Idrinskoye,RU,2021-11-23 19:42:43,54.3708,92.1358,14.27,96,72,3.69
31,Vila Praia De Ancora,PT,2021-11-23 19:42:43,41.811,-8.8526,54.1,67,17,17.78
32,Kaduna,NG,2021-11-23 19:42:12,10.5222,7.4383,78.84,26,93,8.23
33,Natal,BR,2021-11-23 19:39:03,-5.795,-35.2094,84.85,70,75,11.5
34,Mikkeli,FI,2021-11-23 19:42:44,61.6886,27.2723,27.14,93,90,10.36
35,Sao Francisco,BR,2021-11-23 19:42:44,-15.9486,-44.8644,87.21,50,100,2.89
36,Port Macquarie,AU,2021-11-23 19:42:45,-31.4333,152.9167,67.96,90,82,6.29
37,Hilo,US,2021-11-23 19:38:59,19.7297,-155.09,78.24,72,40,4.61
38,Kavaratti,IN,2021-11-23 19:32:50,10.5669,72.642,81.64,78,81,13.31
39,Bundaberg,AU,2021-11-23 19:42:45,-24.85,152.35,73.22,98,40,1.01
40,Kapaa,US,2021-11-23 19:39:26,22.0752,-159.319,80.92,72,90,1.01
41,Chernoyerkovskaya,RU,2021-11-23 19:42:46,45.4331,37.7686,43.3,86,100,12.17
42,Butaritari,KI,2021-11-23 19:42:46,3.0707,172.7902,81.86,75,99,17.54
43,Hamilton,US,2021-11-23 19:41:21,39.1834,-84.5333,44.58,40,1,1.99
44,Naze,JP,2021-11-23 19:42:47,28.3667,129.4833,58.66,66,100,14.03
45,Tautira,PF,2021-11-23 19:42:47,-17.7333,-149.15,86.02,76,99,1.28
46,Barrow,US,2021-11-23 19:42:48,71.2906,-156.7887,-0.38,78,90,4.61
47,Tuktoyaktuk,CA,2021-11-23 19:43:49,69.4541,-133.0374,-0.4,85,90,9.22
48,Nyurba,RU,2021-11-23 19:43:49,63.2842,118.3319,-25.26,98,5,3.38
49,Atuona,PF,2021-11-23 19:39:17,-9.8,-139.0333,77.67,77,26,16.42
50,Kimbe,PG,2021-11-23 19:43:50,-5.5502,150.1429,75.79,90,80,3.2
51,Busselton,AU,2021-11-23 19:43:50,-33.65,115.3333,52.09,83,0,8.57
52,Nouakchott,MR,2021-11-23 19:43:50,18.0858,-15.9785,84.13,48,39,12.44
53,Saint George,US,2021-11-23 19:43:51,37.1041,-113.5841,72.07,25,1,1.99
54,Avarua,CK,2021-11-23 19:43:51,-21.2078,-159.775,78.85,61,95,11.5
55,Tasiilaq,GL,2021-11-23 19:43:52,65.6145,-37.6368,21.36,61,9,6.4
56,Vestmannaeyjar,IS,2021-11-23 19:43:52,63.4427,-20.2734,39.85,60,100,18.41
57,Sao Filipe,CV,2021-11-23 19:43:53,14.8961,-24.4956,79.68,72,99,3.8
58,Bredasdorp,ZA,2021-11-23 19:34:12,-34.5322,20.0403,58.28,76,55,3.53
59,Rio Gallegos,AR,2021-11-23 19:43:53,-51.6226,-69.2181,62.65,34,40,41.43
60,Khatanga,RU,2021-11-23 19:34:10,71.9667,102.5,0.43,80,94,18.16
61,Lebu,CL,2021-11-23 19:43:54,-37.6167,-73.65,60.93,70,0,16.35
62,Ilhabela,BR,2021-11-23 19:43:54,-23.7781,-45.3581,78.71,62,39,3.2
63,Tiksi,RU,2021-11-23 19:43:55,71.6872,128.8694,-20.65,97,62,6.62
64,Tezu,IN,2021-11-23 19:43:55,27.9167,96.1667,61.84,77,76,3.31
65,Shakawe,BW,2021-11-23 19:43:56,-18.3667,21.85,77.04,19,51,4.16
66,Souillac,MU,2021-11-23 19:39:16,-20.5167,57.5167,75.58,78,40,2.3
67,Carnarvon,AU,2021-11-23 19:39:17,-24.8667,113.6333,68.07,83,0,12.66
68,Kloulklubed,PW,2021-11-23 19:43:57,7.0419,134.2556,79.3,75,67,14.88
69,Novichikha,RU,2021-11-23 19:43:57,52.204,81.3877,29.79,84,99,17.72
70,Lavrentiya,RU,2021-11-23 19:40:37,65.5833,-171.0,-0.45,89,15,9.17
71,Hambantota,LK,2021-11-23 19:40:38,6.1241,81.1185,77.68,86,100,5.23
72,Ponta Do Sol,PT,2021-11-23 19:39:23,32.6667,-17.1,68.63,76,100,3.58
73,Bambanglipuro,ID,2021-11-23 19:43:58,-7.95,110.2833,75.87,93,100,7.54
74,Hithadhoo,MV,2021-11-23 19:43:59,-0.6,73.0833,82.24,75,99,18.48
75,Aswan,EG,2021-11-23 19:43:59,24.0934,32.907,69.1,37,0,10.36
76,Mahebourg,MU,2021-11-23 19:44:00,-20.4081,57.7,75.49,78,40,2.3
77,Cabo San Lucas,MX,2021-11-23 19:33:02,22.8909,-109.9124,85.6,66,20,3.0
78,Wanaka,NZ,2021-11-23 19:44:01,-44.7,169.15,54.7,75,92,1.83
79,Klyuchi,RU,2021-11-23 19:44:01,52.2667,79.1667,27.36,84,82,16.28
80,Honolulu,US,2021-11-23 19:41:32,21.3069,-157.8583,82.89,64,20,10.36
81,Deniliquin,AU,2021-11-23 19:44:02,-35.5333,144.9667,64.0,94,100,7.67
82,Kohat,PK,2021-11-23 19:44:02,33.582,71.4493,51.87,25,6,2.82
83,Upernavik,GL,2021-11-23 19:40:43,72.7868,-56.1549,0.03,68,1,8.66
84,Labuhan,ID,2021-11-23 19:44:03,-6.8844,112.2051,78.21,87,100,7.96
85,Castro,BR,2021-11-23 19:39:18,-24.7911,-50.0119,83.48,41,9,0.65
86,Soubre,CI,2021-11-23 19:44:04,5.7856,-6.6083,76.96,90,91,4.9
87,Vaini,TO,2021-11-23 19:34:07,-21.2,-175.2,78.96,83,40,0.0
88,Severo-Kurilsk,RU,2021-11-23 19:38:58,50.6789,156.125,37.9,97,100,29.97
89,Pacific Grove,US,2021-11-23 19:44:04,36.6177,-121.9166,68.58,64,1,5.99
90,East London,ZA,2021-11-23 19:40:50,-33.0153,27.9116,61.65,72,55,19.84
91,Thompson,CA,2021-11-23 19:44:05,55.7435,-97.8558,1.56,78,90,10.36
92,Atar,MR,2021-11-23 19:44:05,20.5169,-13.0499,85.3,27,79,9.01
93,Puerto Quijarro,BO,2021-11-23 19:44:06,-17.7833,-57.7667,88.47,61,100,0.94
94,Ponca City,US,2021-11-23 19:45:06,36.707,-97.0856,71.42,33,1,8.01
95,Ukiah,US,2021-11-23 19:45:07,39.1502,-123.2078,63.45,60,1,5.75
96,Port Alfred,ZA,2021-11-23 19:45:07,-33.5906,26.891,62.73,66,100,20.27
97,Fonte Boa,BR,2021-11-23 19:45:07,-2.4959,-66.2662,78.91,96,100,3.27
98,Kodiak,US,2021-11-23 19:45:08,57.79,-152.4072,8.11,61,75,6.91
99,Ribeira Grande,PT,2021-11-23 19:45:08,38.5167,-28.7,68.4,94,20,16.11
100,Bluff,NZ,2021-11-23 19:36:48,-46.6,168.3333,53.98,76,100,12.01
101,Santa Cecilia,BR,2021-11-23 19:45:09,-26.9608,-50.4269,83.32,42,48,5.17
102,Pisco,PE,2021-11-23 19:42:38,-13.7,-76.2167,68.05,77,0,13.8
103,Wamba,NG,2021-11-23 19:45:09,8.9333,8.6,79.45,33,53,3.71
104,La Serena,CL,2021-11-23 19:45:10,-29.9078,-71.2542,63.91,67,75,12.66
105,Taoudenni,ML,2021-11-23 19:38:04,22.6783,-3.9836,83.95,27,64,9.91
106,Jamestown,US,2021-11-23 19:40:11,42.097,-79.2353,33.71,75,90,7.0
107,Vao,NC,2021-11-23 19:45:11,-22.6667,167.4833,74.61,72,100,11.56
108,Arraial Do Cabo,BR,2021-11-23 19:41:57,-22.9661,-42.0278,84.16,73,0,13.8
109,Clyde River,CA,2021-11-23 19:36:54,70.4692,-68.5914,17.83,93,75,21.85
110,Bethel,US,2021-11-23 19:45:12,41.3712,-73.414,42.03,42,25,3.0
111,Alice Springs,AU,2021-11-23 19:43:14,-23.7,133.8833,63.95,94,90,16.11
112,Port Keats,AU,2021-11-23 19:45:12,-14.25,129.55,82.76,78,99,5.39
113,Saint-Philippe,RE,2021-11-23 19:45:13,-21.3585,55.7679,74.79,79,43,9.75
114,General Roca,AR,2021-11-23 19:45:14,-39.0333,-67.5833,93.61,12,10,8.34
115,Touros,BR,2021-11-23 19:45:14,-5.1989,-35.4608,85.1,75,51,13.56
116,Whitianga,NZ,2021-11-23 19:45:14,-36.8333,175.7,63.01,80,96,5.93
117,Bambous Virieux,MU,2021-11-23 19:36:56,-20.3428,57.7575,75.45,78,40,2.3
118,Faanui,PF,2021-11-23 19:45:15,-16.4833,-151.75,80.4,71,46,3.78
119,Sao Gabriel Da Cachoeira,BR,2021-11-23 19:45:15,-0.1303,-67.0892,82.2,83,40,8.05
120,Menongue,AO,2021-11-23 19:45:16,-14.6585,17.691,67.96,55,16,4.97
121,Pontes E Lacerda,BR,2021-11-23 19:45:16,-15.2261,-59.3353,87.12,60,100,4.88
122,Torbat-E Jam,IR,2021-11-23 19:45:17,35.244,60.6225,52.97,49,5,3.6
123,Nalut,LY,2021-11-23 19:45:18,30.3333,10.85,66.58,44,84,5.86
124,Nhulunbuy,AU,2021-11-23 19:45:18,-12.2333,136.7667,77.61,83,73,0.0
125,Airai,TL,2021-11-23 19:45:19,-8.9266,125.4092,60.71,84,100,1.14
126,Truro,GB,2021-11-23 19:45:19,50.2653,-5.0544,45.55,87,20,6.91
127,Sharjah,AE,2021-11-23 19:45:20,25.3573,55.4033,82.38,72,0,3.44
128,Bauchi,NG,2021-11-23 19:45:20,10.5,10.0,78.55,24,100,4.27
129,Roald,NO,2021-11-23 19:45:20,62.5833,6.1333,48.34,87,75,25.32
130,Grojec,PL,2021-11-23 19:41:15,51.8625,20.8676,40.48,92,100,8.28
131,Sao Goncalo Do Amarante,BR,2021-11-23 19:45:21,-3.6072,-38.9683,86.04,69,69,11.41
132,Akcaabat,TR,2021-11-23 19:45:21,41.0212,39.5715,58.87,51,75,5.75
133,Eskil,TR,2021-11-23 19:45:22,38.4017,33.4131,51.85,63,99,9.17
134,Adrar,MR,2021-11-23 19:45:22,20.5022,-10.0711,80.51,30,85,7.38
135,Mapiripan,CO,2021-11-23 19:45:23,2.8892,-72.1256,78.13,88,98,1.77
136,Kaeo,NZ,2021-11-23 19:45:23,-35.1,173.7833,62.33,96,95,8.66
137,Constitucion,CL,2021-11-23 19:45:23,-35.3333,-72.4167,64.15,72,4,10.54
138,Cockburn Town,TC,2021-11-23 19:41:57,21.4612,-71.1419,80.94,75,64,15.64
139,Port Elizabeth,ZA,2021-11-23 19:36:38,-33.918,25.5701,61.11,77,90,11.5
140,Pochutla,MX,2021-11-23 19:46:24,15.7432,-96.4661,88.83,51,2,8.32
141,Port-De-Bouc,FR,2021-11-23 19:46:25,43.4,4.9833,57.96,79,0,9.22
142,Cape Town,ZA,2021-11-23 19:46:25,-33.9258,18.4232,65.1,66,20,21.85
143,Shingu,JP,2021-11-23 19:46:26,33.7333,135.9833,49.23,73,35,13.91
144,Qixia,CN,2021-11-23 19:46:26,37.2975,120.8256,32.36,50,0,5.01
145,Anan,JP,2021-11-23 19:46:26,33.9167,134.65,49.26,67,57,14.74
146,Georgetown,MY,2021-11-23 19:46:27,5.4112,100.3354,78.89,92,40,3.0
147,Nizhniy Kuranakh,RU,2021-11-23 19:46:28,58.8353,125.4869,-9.02,97,100,2.98
148,Balykshi,KZ,2021-11-23 19:46:28,47.0667,51.8667,42.8,100,75,13.42
149,San Cristobal,VE,2021-11-23 19:45:25,7.7669,-72.225,78.98,56,75,4.97
150,Asau,RO,2021-11-23 19:36:48,46.4333,26.4,33.76,93,80,2.28
151,Srednekolymsk,RU,2021-11-23 19:46:29,67.45,153.6833,-25.11,98,100,5.12
152,Itaituba,BR,2021-11-23 19:46:29,-4.2761,-55.9836,91.56,58,20,5.75
153,Torbay,CA,2021-11-23 19:45:05,47.6666,-52.7314,41.58,89,90,20.71
154,Ubinskoye,RU,2021-11-23 19:46:30,55.3068,79.6802,23.59,92,100,16.4
155,Kikwit,CD,2021-11-23 19:46:30,-5.041,18.8162,71.08,94,28,0.07
156,Talcahuano,CL,2021-11-23 19:46:31,-36.7167,-73.1167,60.48,77,75,14.97
157,Alofi,NU,2021-11-23 19:39:26,-19.0595,-169.9187,78.69,78,75,4.61
158,Dingle,PH,2021-11-23 19:46:31,10.9995,122.6711,75.65,90,84,7.7
159,Hefei,CN,2021-11-23 19:46:32,31.8639,117.2808,35.62,69,0,6.71
160,Olean,US,2021-11-23 19:46:32,42.0776,-78.4297,37.09,65,100,10.07
161,Sitka,US,2021-11-23 19:46:33,57.0531,-135.33,35.49,87,90,9.22
162,Vanimo,PG,2021-11-23 19:46:33,-2.6741,141.3028,77.27,88,100,4.36
163,Haizhou,CN,2021-11-23 19:46:34,34.5817,119.1289,36.59,47,0,5.82
164,Madingou,CG,2021-11-23 19:46:34,-4.1536,13.55,74.19,95,98,3.6
165,Omboue,GA,2021-11-23 19:42:44,-1.5746,9.2618,75.29,86,100,2.26
166,Chik,RU,2021-11-23 19:46:35,54.9928,82.4311,28.15,74,75,13.42
167,Besenyszog,HU,2021-11-23 19:46:36,47.3,20.2667,33.84,86,0,4.61
168,Ilulissat,GL,2021-11-23 19:46:36,69.2167,-51.1,12.22,52,75,18.41
169,Klaksvik,FO,2021-11-23 19:46:37,62.2266,-6.589,47.32,89,100,30.58
170,Nome,US,2021-11-23 19:40:46,64.5011,-165.4064,6.87,51,1,11.5
171,Turukhansk,RU,2021-11-23 19:46:37,65.8167,87.9833,19.58,95,100,14.18
172,Tripoli,LY,2021-11-23 19:46:38,32.8752,13.1875,68.58,61,55,6.67
173,Saint Anthony,US,2021-11-23 19:46:38,45.0205,-93.218,53.92,38,1,13.8
174,Kilosa,TZ,2021-11-23 19:46:39,-6.8333,36.9833,74.39,79,34,6.06
175,Tapes,BR,2021-11-23 19:46:39,-30.6733,-51.3958,71.01,52,12,13.38
176,Cayenne,GF,2021-11-23 19:46:40,4.9333,-52.3333,86.04,80,94,5.01
177,Khandbari,NP,2021-11-23 19:46:40,27.3747,87.2039,54.28,82,30,2.42
178,Bagontapay,PH,2021-11-23 19:46:41,6.8589,124.9089,74.71,87,98,1.66
179,Avera,US,2021-11-23 19:46:41,33.194,-82.5271,55.27,23,1,5.93
180,Qui Nhon,VN,2021-11-23 19:46:41,13.7667,109.2333,76.19,88,100,17.05
181,Lerwick,GB,2021-11-23 19:46:42,60.1545,-1.1494,50.0,85,100,23.87
182,Anna Paulowna,NL,2021-11-23 19:47:43,52.862,4.834,47.01,90,90,2.3
183,Kitimat,CA,2021-11-23 19:47:43,54.0524,-128.6534,39.9,29,95,4.72
184,Zonguldak,TR,2021-11-23 19:47:43,41.25,31.8333,47.55,96,100,1.34
185,Fecamp,FR,2021-11-23 19:47:44,49.7579,0.3746,45.55,92,27,10.94
186,Nanortalik,GL,2021-11-23 19:47:44,60.1432,-45.2371,31.96,63,100,9.13
187,Narsaq,GL,2021-11-23 19:47:45,60.9167,-46.05,21.42,62,100,8.39
188,Longyearbyen,SJ,2021-11-23 19:47:45,78.2186,15.6401,4.84,72,20,11.5
189,Iquitos,PE,2021-11-23 19:47:46,-3.7481,-73.2472,84.24,74,75,14.97
190,Cholet,FR,2021-11-23 19:47:46,47.1667,-1.0,42.31,63,0,19.22
191,Wakkanai,JP,2021-11-23 19:47:47,45.4094,141.6739,32.58,71,100,28.27
192,Mzimba,MW,2021-11-23 19:47:47,-11.9,33.6,72.57,33,75,6.71
193,Mponela,MW,2021-11-23 19:47:48,-13.5319,33.7401,75.76,35,98,4.34
194,Tigil,RU,2021-11-23 19:40:50,57.8,158.6667,19.26,83,55,9.64
195,Manono,CD,2021-11-23 19:47:48,-7.3,27.4167,70.16,95,95,2.13
196,Satipo,PE,2021-11-23 19:47:49,-11.2522,-74.6386,82.69,66,100,2.57
197,Katsuura,JP,2021-11-23 19:47:49,35.1333,140.3,54.19,60,0,32.84
198,San Jose,US,2021-11-23 19:46:50,37.3394,-121.895,67.1,53,40,0.0
199,Quincy,US,2021-11-23 19:47:32,42.2529,-71.0023,41.11,41,20,1.01
200,Bilma,NE,2021-11-23 19:47:50,18.6853,12.9164,78.78,18,0,7.7
201,Gizo,SB,2021-11-23 19:47:51,-8.103,156.8419,82.58,76,62,7.61
202,Phan Thiet,VN,2021-11-23 19:42:54,10.9333,108.1,73.69,85,90,6.73
203,Northam,GB,2021-11-23 19:47:51,51.0333,-4.2167,46.29,92,25,4.52
204,Victoria,HK,2021-11-23 19:47:42,22.2855,114.1577,64.33,65,71,1.01
205,Dikson,RU,2021-11-23 19:47:52,73.5069,80.5464,0.23,95,100,13.85
206,Hualmay,PE,2021-11-23 19:47:52,-11.0964,-77.6139,69.01,75,100,10.42
207,Buala,SB,2021-11-23 19:47:53,-8.145,159.5921,81.27,80,83,7.02
208,Villa Rica,US,2021-11-23 19:47:53,33.7321,-84.9191,55.54,36,0,7.94
209,Kamaishi,JP,2021-11-23 19:47:54,39.2667,141.8833,42.24,88,70,7.0
210,Antalaha,MG,2021-11-23 19:47:54,-14.9003,50.2788,73.44,77,53,2.08
211,Saskylakh,RU,2021-11-23 19:47:55,71.9167,114.0833,-25.06,95,9,10.85
212,Takapau,NZ,2021-11-23 19:47:55,-40.0333,176.35,58.19,79,100,2.75
213,Port Hardy,CA,2021-11-23 19:45:04,50.6996,-127.4199,44.78,81,75,6.91
214,Vostok,RU,2021-11-23 19:47:56,46.4856,135.8833,7.68,92,100,9.06
215,Tuatapere,NZ,2021-11-23 19:47:56,-46.1333,167.6833,54.18,70,99,2.17
216,Leh,IN,2021-11-23 19:47:56,34.1667,77.5833,18.0,49,99,1.5
217,Goderich,CA,2021-11-23 19:47:57,43.7501,-81.7165,37.9,60,98,12.66
218,Sinjar,IQ,2021-11-23 19:47:57,36.3209,41.8754,56.91,51,4,5.99
219,Karachi,PK,2021-11-23 19:47:58,24.9056,67.0822,71.42,78,4,6.91
220,Nizhniy Odes,RU,2021-11-23 19:47:58,63.6445,54.856,12.0,96,100,5.3
221,Mucurapo,TT,2021-11-23 19:47:59,10.6667,-61.5333,85.12,74,100,6.31
222,Les Cayes,HT,2021-11-23 19:47:59,18.2,-73.75,84.0,62,79,6.76
223,Cururupu,BR,2021-11-23 19:47:59,-1.8283,-44.8683,83.79,67,98,6.2
224,Boyabat,TR,2021-11-23 19:48:00,41.4689,34.7667,52.68,68,100,1.03
225,Coihaique,CL,2021-11-23 19:47:31,-45.5752,-72.0662,68.61,42,40,9.22
226,Nieuw Nickerie,SR,2021-11-23 19:48:01,5.95,-56.9833,80.8,82,100,8.95
227,Kysyl-Syr,RU,2021-11-23 19:48:01,63.8986,122.7617,-28.39,99,17,3.87
228,Bonthe,SL,2021-11-23 19:49:02,7.5264,-12.505,81.0,79,10,6.49
229,Padang,ID,2021-11-23 19:49:02,-0.9492,100.3543,77.18,75,100,4.41
230,Tukrah,LY,2021-11-23 19:49:03,32.5341,20.5791,67.48,53,12,8.84
231,Yellowknife,CA,2021-11-23 19:45:04,62.456,-114.3525,-10.59,95,75,3.0
232,Kautokeino,NO,2021-11-23 19:49:03,69.0125,23.0412,1.72,98,92,5.17
233,Evensk,RU,2021-11-23 19:49:04,61.95,159.2333,11.73,72,95,10.87
234,Zhigansk,RU,2021-11-23 19:49:04,66.7697,123.3711,-38.24,100,72,3.53
235,Kindersley,CA,2021-11-23 19:45:04,51.4668,-109.1682,37.18,64,75,18.41
236,Ancud,CL,2021-11-23 19:49:05,-41.8697,-73.8203,65.73,82,53,8.77
237,Lewistown,US,2021-11-23 19:46:49,40.5992,-77.5714,41.9,42,75,10.36
238,Loiza,PR,2021-11-23 19:49:05,18.4313,-65.8802,87.78,65,40,9.22
239,Razdolinsk,RU,2021-11-23 19:49:06,58.4211,94.6658,26.58,96,100,9.86
240,Brae,GB,2021-11-23 19:49:06,60.3964,-1.353,49.91,85,100,23.0
241,Fare,PF,2021-11-23 19:49:07,-16.7,-151.0167,80.06,73,95,3.18
242,Pailon,BO,2021-11-23 19:49:07,-17.65,-62.75,94.1,41,100,9.48
243,Talnakh,RU,2021-11-23 19:39:25,69.4865,88.3972,11.73,92,100,11.79
244,Buraydah,SA,2021-11-23 19:49:08,26.326,43.975,63.05,46,1,10.22
245,Tucupita,VE,2021-11-23 19:49:08,9.0622,-62.051,85.42,68,75,3.71
246,Baykit,RU,2021-11-23 19:39:32,61.67,96.37,16.79,97,100,3.51
247,Charters Towers,AU,2021-11-23 19:49:09,-20.1,146.2667,73.81,88,97,8.68
248,Sinegorye,RU,2021-11-23 19:49:09,62.0788,150.477,-17.73,96,28,1.68
249,Ginir,ET,2021-11-23 19:49:10,7.1333,40.7,56.89,52,39,4.47
250,Batticaloa,LK,2021-11-23 19:49:10,7.7102,81.6924,78.3,86,100,4.43
251,Corralillo,CU,2021-11-23 19:49:10,22.9819,-80.5856,72.1,67,96,15.21
252,The Valley,AI,2021-11-23 19:46:53,18.217,-63.0578,87.66,69,40,9.22
253,Pangnirtung,CA,2021-11-23 19:49:11,66.1451,-65.7125,30.2,64,90,27.63
254,Kavieng,PG,2021-11-23 19:40:39,-2.5744,150.7967,83.3,75,100,15.28
255,Nikolskoye,RU,2021-11-23 19:49:12,59.7035,30.7861,29.39,84,72,6.53
256,Richmond,US,2021-11-23 19:49:12,37.5538,-77.4603,47.07,32,20,1.99
257,Seoul,KR,2021-11-23 19:48:12,37.5683,126.9778,31.6,65,0,3.44
258,Teguldet,RU,2021-11-23 19:49:13,57.3064,88.1667,29.66,84,100,12.06
259,Berlevag,NO,2021-11-23 19:49:13,70.8578,29.0864,21.15,68,0,13.8
260,Nouadhibou,MR,2021-11-23 19:49:13,20.931,-17.0347,78.78,57,100,13.8
261,Sangar,RU,2021-11-23 19:49:14,63.9242,127.4739,-29.15,99,96,2.44
262,Monrovia,LR,2021-11-23 19:49:14,6.3005,-10.7969,82.17,79,70,8.99
263,Santa Cruz,BO,2021-11-23 19:49:15,-17.8,-63.1667,92.66,55,75,14.97
264,Qaanaaq,GL,2021-11-23 19:49:15,77.484,-69.3632,-6.56,67,86,9.46
265,Chake Chake,TZ,2021-11-23 19:49:16,-5.2459,39.7666,78.26,88,71,4.92
266,Hobyo,SO,2021-11-23 19:49:16,5.3505,48.5268,80.51,72,74,6.62
267,Sulangan,PH,2021-11-23 19:49:16,11.1373,123.7228,82.85,77,100,17.36
268,Toora-Khem,RU,2021-11-23 19:49:17,52.4675,96.11,9.3,97,100,1.41
269,Aksu,CN,2021-11-23 19:49:17,41.1231,80.2644,29.12,54,8,0.78
270,Toledo,ES,2021-11-23 19:46:04,39.8333,-4.0,46.08,85,95,3.24
271,Fortuna,US,2021-11-23 19:49:18,40.5982,-124.1573,55.92,70,20,1.01
272,Veraval,IN,2021-11-23 19:49:19,20.9,70.3667,79.25,63,100,6.51
273,Camapua,BR,2021-11-23 19:49:19,-19.5314,-54.0439,85.98,60,90,4.56
274,Yanam,IN,2021-11-23 19:49:20,16.7333,82.2167,76.8,89,20,3.38
275,Moratuwa,LK,2021-11-23 19:49:20,6.773,79.8816,75.22,86,100,10.02
276,Tongliao,CN,2021-11-23 19:47:53,43.6125,122.2653,7.77,81,0,9.26
277,Pitsunda,GE,2021-11-23 19:50:21,43.1592,40.3378,53.78,64,100,9.69
278,Flin Flon,CA,2021-11-23 19:48:38,54.7682,-101.865,12.04,73,90,13.8
279,Norman Wells,CA,2021-11-23 19:50:21,65.282,-126.8329,-21.96,69,75,2.3
280,Kahului,US,2021-11-23 19:50:22,20.8947,-156.47,85.26,64,20,10.36
281,Harku,EE,2021-11-23 19:50:22,59.1325,24.3711,31.96,99,84,6.11
282,Prince George,CA,2021-11-23 19:50:23,53.9166,-122.753,33.62,74,1,8.05
283,Egvekinot,RU,2021-11-23 19:50:23,66.3167,-179.1667,-3.96,64,18,6.98
284,Cayeli,TR,2021-11-23 19:50:24,41.0923,40.7292,59.7,56,100,6.22
285,Tarakan,ID,2021-11-23 19:50:24,3.3,117.6333,79.11,85,77,7.16
286,Leningradskiy,RU,2021-11-23 19:50:25,69.3833,178.4167,-13.97,80,44,5.17
287,Saldanha,ZA,2021-11-23 19:50:25,-33.0117,17.9442,62.65,78,100,28.27
288,Bologoye,RU,2021-11-23 19:50:25,57.8799,34.1068,19.65,75,10,5.12
289,Cidreira,BR,2021-11-23 19:50:26,-30.1811,-50.2056,70.18,62,3,14.58
290,Novyy Urgal,RU,2021-11-23 19:50:26,51.0736,132.5642,28.44,67,100,14.88
291,Kiruna,SE,2021-11-23 19:49:01,67.8557,20.2251,9.52,92,40,2.3
292,Acapulco,MX,2021-11-23 19:49:52,16.8634,-99.8901,89.42,74,20,8.05
293,Sribne,UA,2021-11-23 19:50:27,50.6638,32.9187,27.63,46,100,2.68
294,Korla,CN,2021-11-23 19:50:28,41.7597,86.1469,28.17,58,6,2.82
295,Fort Saint James,CA,2021-11-23 19:50:28,54.4333,-124.25,32.97,72,96,3.33
296,Shimoda,JP,2021-11-23 19:50:29,34.6667,138.95,46.11,60,2,28.52
297,Kroya,ID,2021-11-23 19:50:29,-7.6331,109.2461,77.29,89,100,2.53
298,Ambulu,ID,2021-11-23 19:50:29,-8.345,113.6058,75.34,94,99,1.81
299,Mahon,ES,2021-11-23 19:50:30,39.8885,4.2658,59.56,82,40,11.5
300,Chirongui,YT,2021-11-23 19:50:30,-12.9319,45.1483,78.73,76,12,8.86
301,Eyl,SO,2021-11-23 19:50:31,7.9803,49.8164,79.45,74,69,9.95
302,Cabedelo,BR,2021-11-23 19:50:31,-6.9811,-34.8339,86.67,72,100,10.74
303,Haines Junction,CA,2021-11-23 19:50:32,60.7522,-137.5108,-4.05,77,100,0.0
304,Guerrero Negro,MX,2021-11-23 19:50:32,27.9769,-114.0611,74.19,48,98,7.23
305,Sokoni,TZ,2021-11-23 19:50:33,-6.4333,39.55,80.89,84,32,9.84
306,Horta,PT,2021-11-23 19:50:33,38.5333,-28.6333,67.64,94,20,16.11
307,Isangel,VU,2021-11-23 19:50:33,-19.55,169.2667,73.51,94,75,0.0
308,San Rafael,AR,2021-11-23 19:50:34,-34.6177,-68.3301,91.4,26,6,13.71
309,Ust-Omchug,RU,2021-11-23 19:50:34,61.15,149.6333,-27.26,99,56,1.83
310,Balaipungut,ID,2021-11-23 19:50:35,1.05,101.2833,73.81,97,100,0.54
311,Laguna,US,2021-11-23 19:50:35,38.421,-121.4238,69.66,80,75,1.01
312,Riachao Das Neves,BR,2021-11-23 19:50:36,-11.7461,-44.91,78.87,76,95,3.49
313,Merauke,ID,2021-11-23 19:50:36,-8.4667,140.3333,78.73,81,56,9.01
314,Kumo,NG,2021-11-23 19:50:37,10.0447,11.2122,82.56,24,47,4.59
315,San Patricio,US,2021-11-23 19:50:37,28.017,-97.5169,78.03,41,58,8.95
316,Kokopo,PG,2021-11-23 19:50:37,-4.352,152.2633,77.22,84,90,3.49
317,Dayong,CN,2021-11-23 19:50:38,25.0209,118.2898,53.28,82,0,2.82
318,Mount Isa,AU,2021-11-23 19:50:38,-20.7333,139.5,80.37,32,90,6.91
319,Oktyabrskiy,RU,2021-11-23 19:50:39,54.4815,53.471,4.42,99,82,6.06
320,Olafsvik,IS,2021-11-23 19:50:39,64.8945,-23.7142,33.26,77,87,21.23
321,Calama,CL,2021-11-23 19:50:40,-22.4667,-68.9333,75.69,8,99,21.85
322,Chapais,CA,2021-11-23 19:50:40,49.7834,-74.8492,19.18,82,100,6.58
323,Necochea,AR,2021-11-23 19:51:41,-38.5473,-58.7368,81.03,28,54,8.88
324,Vila Franca Do Campo,PT,2021-11-23 19:51:41,37.7167,-25.4333,65.19,89,99,14.07
325,Inuvik,CA,2021-11-23 19:49:52,68.3499,-133.7218,-8.39,81,90,2.3
326,Paramonga,PE,2021-11-23 19:51:42,-10.6667,-77.8333,69.03,76,89,10.33
327,Sawakin,SD,2021-11-23 19:51:42,19.1059,37.3321,77.34,62,32,7.96
328,Diego De Almagro,CL,2021-11-23 19:51:43,-26.3667,-70.05,78.21,19,93,12.77
329,Barra Do Corda,BR,2021-11-23 19:51:43,-5.5,-45.25,85.28,59,100,3.98
330,Saint-Pierre,RE,2021-11-23 19:51:43,-21.3393,55.4781,74.88,70,0,5.75
331,Mount Gambier,AU,2021-11-23 19:51:44,-37.8333,140.7667,55.31,94,90,0.0
332,Gogrial,SS,2021-11-23 19:51:44,8.5332,28.1004,79.27,26,12,5.08
333,Ritchie,ZA,2021-11-23 19:51:45,-29.038,24.6028,63.61,30,54,13.31
334,Iskateley,RU,2021-11-23 19:51:46,67.6803,53.1512,16.66,94,100,11.48
335,Coquimbo,CL,2021-11-23 19:51:46,-29.9533,-71.3436,64.13,67,75,12.66
336,Tura,IN,2021-11-23 19:51:46,25.5198,90.2201,60.22,66,0,3.49
337,Hofn,IS,2021-11-23 19:51:47,64.2539,-15.2082,35.53,89,100,7.38
338,La Ronge,CA,2021-11-23 19:51:47,55.1001,-105.2842,12.45,79,90,10.36
339,Geraldton,AU,2021-11-23 19:51:48,-28.7667,114.6,55.81,88,0,10.36
340,Mengyin,CN,2021-11-23 19:51:48,35.7069,117.9264,35.47,43,0,0.96
341,Chara,RU,2021-11-23 19:51:49,56.9064,118.2631,-19.55,77,48,1.32
342,Newport,GB,2021-11-23 19:47:11,51.5877,-2.9984,48.45,86,100,5.17
343,Bucine,IT,2021-11-23 19:51:49,43.4764,11.6148,51.91,86,90,5.64
344,Fomboni,KM,2021-11-23 19:51:50,-12.28,43.7425,80.8,73,7,15.05
345,Amga,RU,2021-11-23 19:51:50,60.8953,131.9608,-14.21,98,100,2.21
346,Lagoa,PT,2021-11-23 19:51:51,39.05,-27.9833,66.24,86,99,18.48
347,Olenegorsk,RU,2021-11-23 19:51:51,68.15,33.3,11.08,90,100,1.68
348,Yulara,AU,2021-11-23 19:51:52,-25.2406,130.9889,66.04,72,75,11.5
349,Houma,US,2021-11-23 19:51:52,29.5958,-90.7195,66.0,48,0,7.65
350,Anadyr,RU,2021-11-23 19:51:53,64.75,177.4833,-17.9,75,0,11.18
351,Lorengau,PG,2021-11-23 19:51:53,-2.0226,147.2712,81.14,81,100,10.42
352,Myitkyina,MM,2021-11-23 19:51:53,25.3833,97.4,59.83,90,3,3.0
353,Kaitangata,NZ,2021-11-23 19:51:54,-46.2817,169.8464,53.51,69,100,6.6
354,Codrington,AU,2021-11-23 19:51:54,-38.2667,141.9667,57.16,95,100,5.35
355,Ashland,US,2021-11-23 19:51:55,40.8167,-82.2665,37.74,55,0,8.7
356,Inhambane,MZ,2021-11-23 19:51:55,-23.865,35.3833,78.78,94,40,5.01
357,Hoquiam,US,2021-11-23 19:51:56,46.9809,-123.8893,51.93,80,20,11.5
358,Bardiyah,LY,2021-11-23 19:51:56,31.7561,25.0865,66.13,46,40,10.07
359,Sitio Novo Do Tocantins,BR,2021-11-23 19:51:57,-5.5183,-47.4611,89.53,58,20,4.61
360,Hovd,MN,2021-11-23 19:51:57,48.0056,91.6419,25.48,53,52,8.01
361,Wencheng,CN,2021-11-23 19:51:58,33.0559,113.7978,42.96,57,5,8.84
362,Yar-Sale,RU,2021-11-23 19:51:58,66.8333,70.8333,10.2,95,100,8.39
363,Mazamari,PE,2021-11-23 19:51:58,-11.3258,-74.5308,82.92,66,100,3.91
364,Deputatskiy,RU,2021-11-23 19:51:59,69.3,139.9,-25.92,98,100,2.95
365,Kermanshah,IR,2021-11-23 19:51:59,34.3142,47.065,45.5,76,0,0.0
366,Vysokogornyy,RU,2021-11-23 19:52:00,50.1167,139.15,3.92,98,100,1.99
367,Bathsheba,BB,2021-11-23 19:52:00,13.2167,-59.5167,84.81,70,40,13.8
368,Krutinka,RU,2021-11-23 19:53:00,56.0055,71.5113,19.53,90,100,16.55
369,Ucluelet,CA,2021-11-23 19:53:01,48.9329,-125.5528,47.08,83,6,5.01
370,Sisimiut,GL,2021-11-23 19:53:02,66.9395,-53.6735,20.61,57,100,21.94
371,Carutapera,BR,2021-11-23 19:53:02,-1.195,-46.02,83.39,70,95,8.48
372,Ossora,RU,2021-11-23 19:53:03,59.2353,163.0719,29.79,92,100,11.54
373,Bregenz,AT,2021-11-23 19:53:03,47.5031,9.7471,41.85,85,75,8.05
374,Payo,ID,2021-11-23 19:53:04,-3.7508,103.6372,73.06,95,100,1.21
375,Mahdasht,IR,2021-11-23 19:53:04,35.7299,50.8111,50.22,76,0,4.61
376,Emerald,AU,2021-11-23 19:53:04,-23.5333,148.1667,74.98,73,90,9.22
377,Chupa,RU,2021-11-23 19:53:05,66.27,33.0549,18.1,95,94,4.45
378,Cuamba,MZ,2021-11-23 19:53:05,-14.8031,36.5372,82.42,41,86,1.05
379,Neenah,US,2021-11-23 19:51:53,44.1858,-88.4626,43.2,41,40,17.27
380,Anshan,CN,2021-11-23 19:53:06,41.1236,122.99,18.9,76,0,2.77
381,Halifax,CA,2021-11-23 19:50:11,44.6453,-63.5724,39.2,96,90,11.01
382,Vila Velha,BR,2021-11-23 19:50:48,-20.3297,-40.2925,80.55,81,0,3.0
383,Morrope,PE,2021-11-23 19:53:07,-6.5417,-80.0111,75.31,60,32,15.61
384,Surt,LY,2021-11-23 19:53:07,31.2089,16.5887,69.87,70,100,6.24
385,Flinders,AU,2021-11-23 19:53:08,-34.5833,150.8552,66.38,88,100,1.01
386,Ames,US,2021-11-23 19:48:22,42.0347,-93.6199,59.72,50,1,5.99
387,Caohai,CN,2021-11-23 19:53:08,26.8661,104.2841,34.2,93,100,3.42
388,Durant,US,2021-11-23 19:52:49,33.994,-96.3708,71.76,23,1,11.5
389,Pemangkat,ID,2021-11-23 19:53:09,1.1667,108.9667,75.97,86,60,4.52
390,Ostrovnoy,RU,2021-11-23 19:53:09,68.0531,39.5131,15.93,97,100,11.97
391,Portland,US,2021-11-23 19:53:10,45.5234,-122.6762,50.52,92,75,1.99
392,Chivay,PE,2021-11-23 19:53:10,-15.6383,-71.6011,58.28,53,99,6.08
393,Nedjo,ET,2021-11-23 19:53:11,9.5046,35.5019,61.41,53,100,1.97
394,Makakilo City,US,2021-11-23 19:53:11,21.3469,-158.0858,80.29,66,1,0.0
395,The Pas,CA,2021-11-23 19:53:12,53.8251,-101.2541,21.22,79,90,13.8
396,Hammerfest,NO,2021-11-23 19:53:12,70.6634,23.6821,22.73,93,40,3.44
397,Mackay,AU,2021-11-23 19:53:12,-21.15,149.2,74.68,94,75,4.61
398,Kununurra,AU,2021-11-23 19:53:13,-15.7667,128.7333,78.78,94,96,8.05
399,Pimentel,PE,2021-11-23 19:53:13,-6.8367,-79.9342,75.49,57,0,19.57
400,Namibe,AO,2021-11-23 19:53:14,-15.1961,12.1522,70.66,73,12,4.43
401,Yayva,RU,2021-11-23 19:53:14,59.3303,57.2641,11.17,96,100,3.56
402,Siyabuswa,ZA,2021-11-23 19:53:15,-25.1132,29.0445,72.37,23,0,5.88
403,Koumac,NC,2021-11-23 19:53:15,-20.5667,164.2833,76.91,81,100,3.24
404,Te Anau,NZ,2021-11-23 19:53:15,-45.4167,167.7167,49.87,84,92,0.49
405,Maningrida,AU,2021-11-23 19:53:16,-12.0667,134.2667,81.66,69,51,4.63
406,Vengerovo,RU,2021-11-23 19:53:16,55.6848,76.7471,19.74,90,100,16.17
407,Skeldon,GY,2021-11-23 19:53:17,5.8833,-57.1333,80.46,85,99,6.26
408,Rybnoye,RU,2021-11-23 19:53:17,54.7256,39.5119,20.25,88,27,5.73
409,Kurilsk,RU,2021-11-23 19:53:18,45.2333,147.8833,37.92,67,58,11.65
410,Patacamaya,BO,2021-11-23 19:53:18,-17.2333,-67.9167,62.76,36,100,14.12
411,Ambon,ID,2021-11-23 19:53:18,-3.6954,128.1814,82.08,71,91,2.24
412,Esperance,AU,2021-11-23 19:53:19,-33.8667,121.9,57.04,74,9,6.42
413,Jawa,JO,2021-11-23 19:53:19,31.8525,35.9393,53.38,71,7,0.0
414,Lampang,TH,2021-11-23 19:54:20,18.3333,99.5,69.39,99,87,1.16
415,Nurota,UZ,2021-11-23 19:54:20,40.5614,65.6886,50.09,37,97,5.44
416,Salalah,OM,2021-11-23 19:54:21,17.0151,54.0924,78.67,28,98,7.92
417,Kalmunai,LK,2021-11-23 19:54:21,7.4167,81.8167,76.8,90,100,7.11
418,Aklavik,CA,2021-11-23 19:54:21,68.2191,-135.0107,-8.68,84,75,8.05
419,Aanekoski,FI,2021-11-23 19:54:22,62.6946,25.818,26.85,100,100,13.27
420,Kamogawa,JP,2021-11-23 19:54:22,35.1,140.1,54.14,58,0,28.99
421,High Rock,BS,2021-11-23 19:54:23,26.6208,-78.2833,73.42,55,0,24.16
422,Roma,US,2021-11-23 19:54:23,43.2128,-75.4557,33.44,67,59,1.01
423,Muli,MV,2021-11-23 19:54:24,2.9167,73.5667,81.32,75,57,16.51
424,Dudinka,RU,2021-11-23 19:54:25,69.4058,86.1778,14.61,83,100,16.4
425,Bell Ville,AR,2021-11-23 19:54:25,-32.6259,-62.6887,88.66,18,3,9.64
426,Yamada,JP,2021-11-23 19:54:25,39.4667,141.95,39.76,92,64,4.83
427,Trapani,IT,2021-11-23 19:54:26,37.8333,12.6667,59.52,88,40,5.75
428,Revda,RU,2021-11-23 19:54:26,56.801,59.9303,18.41,87,100,12.75
429,Ranong,TH,2021-11-23 19:54:27,9.9658,98.6348,77.81,89,100,9.53
430,Komsomolskiy,UZ,2021-11-23 19:54:27,40.4272,71.7189,38.12,56,100,6.91
431,Puerto Leguizamo,CO,2021-11-23 19:54:27,-0.1934,-74.7819,76.93,93,100,1.59
432,Slave Lake,CA,2021-11-23 19:51:05,55.2834,-114.769,10.38,72,90,11.5
433,Lamar,US,2021-11-23 19:54:28,33.6668,-95.5836,69.64,30,1,11.5
434,Dongsheng,CN,2021-11-23 19:54:29,39.8161,109.9776,24.67,39,0,16.24
435,Bosobolo,CD,2021-11-23 19:54:29,4.1833,19.9,73.09,61,74,1.48
436,Baljevac,BA,2021-11-23 19:54:30,44.8206,15.7799,37.58,93,100,4.9
437,Tyup,KG,2021-11-23 19:54:30,42.7276,78.3648,25.65,68,5,4.85
438,Sechura,PE,2021-11-23 19:54:30,-5.5569,-80.8222,75.47,61,37,13.89
439,Juneau,US,2021-11-23 19:54:31,58.3019,-134.4197,35.83,95,90,3.53
440,Huilong,CN,2021-11-23 19:54:31,31.8111,121.655,43.03,46,0,8.72
441,Sabang,ID,2021-11-23 19:54:32,5.8933,95.3214,82.13,76,100,7.31
442,Udarnyy,RU,2021-11-23 19:54:32,54.3409,42.8611,11.88,99,89,2.89
443,Vardo,NO,2021-11-23 19:54:32,70.3705,31.1107,21.18,68,40,11.5
444,Mnogovershinnyy,RU,2021-11-23 19:54:33,53.9353,139.9242,29.5,98,100,27.36
445,Bethanien,NA,2021-11-23 19:54:33,-26.502,17.1583,74.07,20,0,9.06
446,Mizdah,LY,2021-11-23 19:54:34,31.4451,12.9801,64.17,53,99,5.3
447,Ures,MX,2021-11-23 19:54:34,29.4333,-110.4,77.52,30,94,13.73
448,Ostersund,SE,2021-11-23 19:54:35,63.1792,14.6357,37.85,93,90,20.71
449,Lasa,IT,2021-11-23 19:54:35,46.6166,10.7002,40.08,74,4,0.72
450,Wanning,CN,2021-11-23 19:54:35,18.8003,110.3967,66.51,84,99,14.32
451,Waipawa,NZ,2021-11-23 19:54:36,-41.4122,175.5153,56.03,62,35,4.34
452,Koslan,RU,2021-11-23 19:54:36,63.4564,48.8989,11.19,96,100,6.71
453,Marquette,US,2021-11-23 19:54:37,46.5333,-87.6335,34.68,43,40,14.67
454,Jieshi,CN,2021-11-23 19:54:37,22.8134,115.8257,60.94,55,35,9.33
455,Ahipara,NZ,2021-11-23 19:54:37,-35.1667,173.1667,62.53,82,98,2.21
456,Zalantun,CN,2021-11-23 19:54:38,48.0,122.7167,11.23,60,66,16.37
457,Nampa,US,2021-11-23 19:54:21,43.5407,-116.5635,45.48,91,1,0.0
458,Sinnar,SD,2021-11-23 19:54:39,13.5691,33.5672,80.69,33,52,11.95
459,Kidal,ML,2021-11-23 19:55:39,18.4411,1.4078,82.58,23,50,10.67
460,Tanout,NE,2021-11-23 19:55:39,14.9709,8.8879,83.05,15,0,10.65
461,Conceicao Da Barra,BR,2021-11-23 19:55:40,-18.5933,-39.7322,75.74,80,46,7.47
462,Mareeba,AU,2021-11-23 19:55:40,-17.0,145.4333,73.44,91,95,2.28
463,Lemgo,DE,2021-11-23 19:55:41,52.0333,8.9,44.26,97,100,3.0
464,Panacan,PH,2021-11-23 19:55:41,9.2463,118.4082,79.68,85,55,10.51
465,Angola,AO,2021-11-23 19:55:42,-12.5,18.5,66.78,66,100,1.79
466,Sivas,TR,2021-11-23 19:55:42,39.7916,37.0019,45.54,61,99,4.72
467,Aykhal,RU,2021-11-23 19:55:43,66.0,111.5,-24.3,99,99,7.81
468,Mayo,US,2021-11-23 19:55:43,38.8876,-76.5119,45.57,41,36,13.0
469,Nabire,ID,2021-11-23 19:55:43,-3.3667,135.4833,75.09,96,100,2.08
470,Praia,CV,2021-11-23 19:55:44,14.9215,-23.5087,79.34,69,0,14.97
471,Vestmanna,FO,2021-11-23 19:55:44,62.1564,-7.1664,47.32,93,90,18.41
472,Allanridge,ZA,2021-11-23 19:55:45,-27.7543,26.6438,59.61,71,2,8.16
473,Yerofey Pavlovich,RU,2021-11-23 19:55:45,53.9667,121.9667,3.51,84,100,3.04
474,Natalio,PY,2021-11-23 19:55:46,-26.7167,-55.0833,91.58,35,100,2.04
475,Jablanica,BA,2021-11-23 19:54:07,43.6603,17.7617,44.67,94,89,6.71
476,Havre-Saint-Pierre,CA,2021-11-23 19:55:47,50.2334,-63.5986,33.8,100,90,8.05
477,Rawson,AR,2021-11-23 19:53:12,-43.3002,-65.1023,80.13,31,79,29.04
478,Sioux Lookout,CA,2021-11-23 19:55:47,50.1001,-91.917,34.18,60,40,9.22
479,Glendive,US,2021-11-23 19:55:01,47.1053,-104.7125,50.18,60,1,5.75
480,Tambopata,PE,2021-11-23 19:55:48,-12.7333,-69.1833,75.09,94,75,8.05
481,Porterville,US,2021-11-23 19:51:57,36.0652,-119.0168,73.67,63,1,0.0
482,Pilar,BR,2021-11-23 19:55:49,-9.5972,-35.9567,82.33,65,86,13.38
483,Kruisfontein,ZA,2021-11-23 19:53:53,-34.0033,24.7314,58.89,77,53,5.73
484,Tarare,FR,2021-11-23 19:55:49,45.8976,4.4327,42.33,92,11,1.99
485,Sidvokodvo,SZ,2021-11-23 19:55:50,-26.6282,31.4202,71.44,88,74,3.62
486,Auki,SB,2021-11-23 19:55:50,-8.7676,160.7034,79.38,80,38,3.85
487,Maragogi,BR,2021-11-23 19:54:55,-9.0122,-35.2225,81.03,76,5,13.13
488,Bilibino,RU,2021-11-23 19:55:51,68.0546,166.4372,-23.6,93,13,2.82
489,Panguna,PG,2021-11-23 19:55:51,-6.3164,155.4848,70.11,91,95,2.53
490,Chicama,PE,2021-11-23 19:55:51,-7.8447,-79.1469,66.74,62,62,10.89
491,Hendersonville,US,2021-11-23 19:54:53,36.3048,-86.62,51.12,39,1,3.0
492,Jalu,LY,2021-11-23 19:55:52,29.0331,21.5482,67.84,31,29,9.51
493,Kudat,MY,2021-11-23 19:55:52,6.8837,116.8477,77.29,94,20,0.0
494,Faya,SA,2021-11-23 19:55:53,18.3851,42.4509,59.52,30,17,5.53
495,Saint-Georges,GD,2021-11-23 19:55:53,12.0564,-61.7485,83.88,70,20,21.85
496,Turiacu,BR,2021-11-23 19:55:54,-1.6633,-45.3717,83.88,67,95,7.43
497,Kulhudhuffushi,MV,2021-11-23 19:55:54,6.6221,73.07,81.3,76,100,14.41
498,La Tuque,CA,2021-11-23 19:55:55,47.4334,-72.7824,25.05,63,100,10.36
499,Amahai,ID,2021-11-23 19:55:55,-3.3333,128.9167,78.75,85,80,3.69
500,Rio Grande,BR,2021-11-23 19:55:55,-32.035,-52.0986,75.31,57,0,15.32
501,Lira,UG,2021-11-23 19:55:56,2.235,32.9097,71.19,52,42,4.05
502,Katesh,TZ,2021-11-23 19:56:57,-4.5167,35.3833,65.62,61,98,4.25
503,Canutama,BR,2021-11-23 19:56:57,-6.5339,-64.3831,89.62,56,89,0.56
504,Olyka,UA,2021-11-23 19:56:57,50.7186,25.8125,35.92,85,100,11.3
505,Khani,GE,2021-11-23 19:56:58,41.9563,42.9566,40.57,66,12,5.23
506,Providencia,MX,2021-11-23 19:56:58,28.7167,-111.5833,79.48,51,58,10.0
507,Sambava,MG,2021-11-23 19:56:59,-14.2667,50.1667,77.61,69,97,2.8
508,Sao Felix Do Xingu,BR,2021-11-23 19:56:59,-6.6447,-51.995,84.74,67,61,4.65
509,Bandar-E Lengeh,IR,2021-11-23 19:57:00,26.5579,54.8807,80.38,54,7,11.05
510,Si Sa Ket,TH,2021-11-23 19:57:00,14.8333,104.3333,70.99,82,63,10.11
511,Ola,RU,2021-11-23 19:57:01,59.5833,151.2833,8.15,77,11,16.75
512,Namatanai,PG,2021-11-23 19:57:01,-3.6667,152.4333,79.47,82,100,7.96
513,Haapiti,PF,2021-11-23 19:57:02,-17.5667,-149.8667,85.73,76,86,1.23
514,Pitimbu,BR,2021-11-23 19:57:02,-7.4706,-34.8086,86.59,71,50,10.25
515,Tateyama,JP,2021-11-23 19:57:03,34.9833,139.8667,54.1,58,0,38.21
516,Bozoum,CF,2021-11-23 19:57:03,6.3193,16.3799,74.19,47,0,2.13
517,Hobbs,US,2021-11-23 19:57:04,32.7026,-103.136,73.47,26,1,8.01
518,Ewa Beach,US,2021-11-23 19:57:04,21.3156,-158.0072,81.7,64,8,10.0
519,Banjar,ID,2021-11-23 19:57:05,-8.19,114.9675,78.66,88,99,3.6
520,Kyra,RU,2021-11-23 19:57:05,49.5776,111.9753,7.16,94,91,2.21
521,Esmeraldas,BR,2021-11-23 19:57:06,-19.7625,-44.3139,91.51,61,95,4.45
522,Wodonga,AU,2021-11-23 19:57:06,-36.1167,146.8833,63.97,97,100,5.01
523,Rosia De Secas,RO,2021-11-23 19:57:07,46.05,23.8833,38.88,77,85,3.38
524,Ertil,RU,2021-11-23 19:57:07,51.8406,40.8056,21.97,68,28,5.14
525,Sinnamary,GF,2021-11-23 19:57:07,5.3833,-52.95,81.52,79,100,9.64
526,Moose Factory,CA,2021-11-23 19:57:08,51.2585,-80.6094,19.4,86,90,16.11
527,Barashevo,RU,2021-11-23 19:57:08,54.5325,42.8792,10.6,100,91,2.75
528,Pangody,RU,2021-11-23 19:57:09,65.85,74.4859,8.73,96,98,8.12
529,Lompoc,US,2021-11-23 19:57:09,34.6391,-120.4579,78.1,46,1,11.01
530,Chabahar,IR,2021-11-23 19:57:09,25.2919,60.643,76.84,67,5,9.46
531,Quang Ngai,VN,2021-11-23 19:57:10,15.1167,108.8,73.94,91,100,11.54
532,Luderitz,NA,2021-11-23 19:57:10,-26.6481,15.1594,65.37,69,34,19.08
533,Linqing,CN,2021-11-23 19:57:11,36.8456,115.7117,36.43,50,0,6.33
534,Port Lincoln,AU,2021-11-23 19:57:11,-34.7333,135.8667,60.96,89,25,2.62
535,Umba,RU,2021-11-23 19:57:11,66.6871,34.3429,18.46,82,99,3.2
536,Shenjiamen,CN,2021-11-23 19:57:12,29.9576,122.298,46.99,50,0,9.35
537,Burnie,AU,2021-11-23 19:57:12,-41.0667,145.9167,60.94,80,99,6.44
538,Fengcheng,CN,2021-11-23 19:57:13,40.4536,124.0717,22.6,48,0,1.14
539,Tuy Hoa,VN,2021-11-23 19:52:55,13.0833,109.3,75.72,91,100,13.69
540,Sidi Bin Nur,TN,2021-11-23 19:57:13,35.5333,10.9167,58.91,68,33,7.72
541,Bangassou,CF,2021-11-23 19:57:14,4.7413,22.8184,69.12,59,49,2.3
542,Evanston,US,2021-11-23 19:57:14,42.0411,-87.6901,44.65,30,6,3.0
543,Anloga,GH,2021-11-23 19:57:15,5.7947,0.8973,84.42,78,67,11.95
544,Chifeng,CN,2021-11-23 19:57:15,42.2683,118.9636,21.58,57,6,6.15
545,Moranbah,AU,2021-11-23 19:57:15,-22.0016,148.0466,73.17,83,100,8.23
546,Bonavista,CA,2021-11-23 19:58:16,48.6499,-53.1147,42.12,83,100,27.47
547,Medea,DZ,2021-11-23 19:58:16,36.2642,2.7539,46.85,64,100,3.4
548,Tadine,NC,2021-11-23 19:58:17,-21.55,167.8833,75.69,77,100,10.11
549,Lamu,KE,2021-11-23 19:58:17,-2.2717,40.902,79.95,83,81,11.45
550,Soddy-Daisy,US,2021-11-23 19:58:17,35.2359,-85.1908,51.24,39,7,4.16
551,Shiyan,CN,2021-11-23 19:58:18,32.6475,110.7781,43.86,66,43,5.61
552,Sussex,US,2021-11-23 19:53:57,41.1834,-74.6663,41.36,44,80,11.99
553,Maldonado,UY,2021-11-23 19:58:19,-34.6667,-54.9167,64.22,45,0,7.92
554,Santa Rosa De Aguan,HN,2021-11-23 19:58:19,15.95,-85.7167,77.02,80,66,12.37
555,Sungairaya,ID,2021-11-23 19:58:19,0.7,108.9,76.75,81,92,2.42
556,Kayes,ML,2021-11-23 19:58:20,14.0,-11.0,88.27,15,6,3.44
557,Bairiki,KI,2021-11-23 19:58:20,1.3292,172.9752,80.6,83,20,6.91
558,Jackson,US,2021-11-23 19:58:21,42.4165,-122.8345,52.75,68,75,4.0
559,Svetlyy,RU,2021-11-23 19:58:21,54.675,20.1347,37.96,82,94,9.66
560,Maceio,BR,2021-11-23 19:58:21,-9.6658,-35.7353,83.64,69,20,16.11
561,Ivanava,BY,2021-11-23 19:58:22,52.1451,25.5365,31.35,96,83,7.54
562,Belmonte,BR,2021-11-23 19:58:22,-15.8631,-38.8828,79.3,81,60,10.29
563,Niquelandia,BR,2021-11-23 19:58:23,-14.4739,-48.4597,82.26,71,76,2.37
564,Nizhnyaya Omka,RU,2021-11-23 19:58:23,55.4338,74.9426,20.25,90,100,16.2
565,Novo Aripuana,BR,2021-11-23 19:58:24,-5.1206,-60.3797,88.93,55,89,4.52
